{
  "G1_epochs1_bs512": {
    "config": {
      "G": 1,
      "sft_epochs": 1,
      "batch_size": 512
    },
    "accuracy_curve": [
      0.0978013646702047
    ],
    "entropy_curve": [
      0.4578125
    ],
    "completed_steps": 1
  },
  "G2_epochs1_bs512": {
    "config": {
      "G": 2,
      "sft_epochs": 1,
      "batch_size": 512
    },
    "accuracy_curve": [
      0.08188021228203184
    ],
    "entropy_curve": [
      0.7710503472222222
    ],
    "completed_steps": 1
  }
}